ISBN;weight
0345339738;9.130004009661981
0439139597;9.104079421404773
0439425220;9.014333102232985
0439136350;8.974298702093485
0345339711;8.958196684127957
0446310786;8.943632885610835
043935806X;8.94247431199242
059035342X;8.904789511790765
0618002235;8.897950728900602
0439136369;8.87108603985517
